semilla,fold,ensamble,accuracy
42,1,original,0.9125
42,1,regularizado,0.9145833333333333
42,2,original,0.9108333333333334
42,2,regularizado,0.9108333333333334
42,3,original,0.9208333333333333
42,3,regularizado,0.92
42,4,original,0.9229166666666667
42,4,regularizado,0.9241666666666667
42,5,original,0.9154166666666667
42,5,regularizado,0.9116666666666666
2024,1,original,0.91875
2024,1,regularizado,0.9170833333333334
2024,2,original,0.9208333333333333
2024,2,regularizado,0.9191666666666667
2024,3,original,0.90875
2024,3,regularizado,0.9075
2024,4,original,0.9170833333333334
2024,4,regularizado,0.9154166666666667
2024,5,original,0.9175
2024,5,regularizado,0.9179166666666667
