semilla,fold,modelo,accuracy
42,1,original,0.9079166666666667
42,1,regularizado,0.915
42,1,conservador,0.90875
42,2,original,0.90375
42,2,regularizado,0.9020833333333333
42,2,conservador,0.9045833333333333
42,3,original,0.9116666666666666
42,3,regularizado,0.91375
42,3,conservador,0.9141666666666667
42,4,original,0.9145833333333333
42,4,regularizado,0.9141666666666667
42,4,conservador,0.9154166666666667
42,5,original,0.8995833333333333
42,5,regularizado,0.905
42,5,conservador,0.9116666666666666
2024,1,original,0.91375
2024,1,regularizado,0.9170833333333334
2024,1,conservador,0.9120833333333334
2024,2,original,0.91625
2024,2,regularizado,0.9154166666666667
2024,2,conservador,0.9195833333333333
2024,3,original,0.9020833333333333
2024,3,regularizado,0.9066666666666666
2024,3,conservador,0.90375
2024,4,original,0.9045833333333333
2024,4,regularizado,0.9079166666666667
2024,4,conservador,0.9079166666666667
2024,5,original,0.91125
2024,5,regularizado,0.91125
2024,5,conservador,0.9116666666666666
